Journal,ISSN,Included in R&P Agreement,Explanation if not included,DOI,Publisher
Abacus,1467-6281,Yes,,,Wiley
Academic Emergency Medicine,1553-2712,Yes,,,Wiley
Accounting & Finance,1467-629X,Yes,,,Wiley
Accounting Perspectives,1911-3838,Yes,,,Wiley
Acta Anaesthesiologica Scandinavica,1399-6576,Yes,,,Wiley
Acta Crystallographica Section A: Foundations and Advances,2053-2733,Yes,,,Wiley
"Acta Crystallographica Section B: Structural Science, Crystal Engineering and Materials",2052-5206,Yes,,,Wiley
Acta Crystallographica Section C: Structural Chemistry,2053-2296,Yes,,,Wiley
Acta Crystallographica Section D: Structural Biology,2059-7983,Yes,,,Wiley
Acta Crystallographica Section F: Structural Biology Communications,2053-230X,Yes,,,Wiley
Acta Geologica Sinica (English Edition),1755-6724,Yes,,,Wiley
Acta Neurologica Scandinavica,1600-0404,Yes,,,Wiley
Acta Paediatrica: Nurturing the Child,1651-2227,Yes,,,Wiley
Acta Physiologica,1748-1716,Yes,,,Wiley
Acta Psychiatrica Scandinavica,1600-0447,Yes,,,Wiley
Acta Zoologica,1463-6395,Yes,,,Wiley
Addiction,1360-0443,Yes,,,Wiley
Addiction Biology,1369-1600,Yes,,,Wiley
Advanced Biology,2701-0198,Yes,,,Wiley
Advanced Control for Applications,2578-0727,Yes,,,Wiley
Advanced Electronic Materials,2199-160X,Yes,,,Wiley
Advanced Energy Materials,1614-6840,Yes,,,Wiley
Advanced Engineering Materials,1527-2648,Yes,,,Wiley
Advanced Functional Materials,1616-3028,Yes,,,Wiley
Advanced Healthcare Materials,2192-2659,Yes,,,Wiley
Advanced Materials,1521-4095,Yes,,,Wiley
Advanced Materials Interfaces,2196-7350,Yes,,,Wiley
Advanced Materials Technologies,2365-709X,Yes,,,Wiley
Advanced Optical Materials,2195-1071,Yes,,,Wiley
Advanced Quantum Technologies,2511-9044,Yes,,,Wiley
Advanced Sustainable Systems,2366-7486,Yes,,,Wiley
Advanced Synthesis & Catalysis,1615-4169,Yes,,,Wiley
Advanced Theory and Simulations,2513-0390,Yes,,,Wiley
Advanced Therapeutics,2366-3987,Yes,,,Wiley
Advances in Digestive Medicine,2351-9800,Yes,,,Wiley
AEM Education and Training,2472-5390,Yes,,,Wiley
African Development Review,1467-8268,Yes,,,Wiley
African Journal of Ecology,1365-2028,Yes,,,Wiley
Aggressive Behavior,1098-2337,Yes,,,Wiley
Agribusiness,1520-6297,Yes,,,Wiley
Agricultural and Forest Entomology,1461-9563,Yes,,,Wiley
Agricultural Economics,1574-0862,Yes,,,Wiley
Agronomy Journal ,1435-0645,Yes,,,Wiley
AIChE Journal,1547-5905,Yes,,,Wiley
Alcoholism: Clinical & Experimental Research,1530-0277,Yes,,,Wiley
Alimentary Pharmacology & Therapeutics,1365-2036,Yes,,,Wiley
Allergy,1398-9995,Yes,,,Wiley
Alzheimer's & Dementia ,1552-5279,Yes,,,Wiley
American Anthropologist,1548-1433,Yes,,,Wiley
American Business Law Journal,1744-1714,Yes,,,Wiley
American Ethnologist,1548-1425,Yes,,,Wiley
American Journal of Agricultural Economics,1467-8276,Yes,,,Wiley
American Journal of Biological Anthropology,2692-7691,Yes,,,Wiley
American Journal of Community Psychology,1573-2770,Yes,,,Wiley
American Journal of Hematology,1096-8652,Yes,,,Wiley
American Journal of Human Biology,1520-6300,Yes,,,Wiley
American Journal of Industrial Medicine,1097-0274,Yes,,,Wiley
American Journal of Medical Genetics Part A,1552-4833,Yes,,,Wiley
American Journal of Medical Genetics Part B:Neuropsychiatric Genetics,1552-485X,Yes,,,Wiley
American Journal of Medical Genetics Part C:Seminars in Medical Genetics,1552-4876,Yes,,,Wiley
American Journal of Political Science,1540-5907,Yes,,,Wiley
American Journal of Primatology,1098-2345,Yes,,,Wiley
American Journal of Reproductive Immunology,1600-0897,Yes,,,Wiley
American Journal of Transplantation,1600-6143,Yes,,,Wiley
Anaesthesia,1365-2044,Yes,,,Wiley
Anaesthesia Reports,2637-3726,Yes,,,Wiley
Analyses of Social Issues and Public Policy,1530-2415,Yes,,,Wiley
Analysis & Sensing,2629-2742,Yes,,,Wiley
Analytic Philosophy,2153-960X,Yes,,,Wiley
"Anatomia, Histologia, Embryologia",1439-0264,Yes,,,Wiley
Anatomical Sciences Education,1935-9780,Yes,,,Wiley
Andrologia,1439-0272,Yes,,,Wiley
Andrology,2047-2927,Yes,,,Wiley
Angewandte Chemie,1521-3757,Yes,,,Wiley
Angewandte Chemie International Edition,1521-3773,Yes,,,Wiley
Animal Conservation,1469-1795,Yes,,,Wiley
Animal Genetics,1365-2052,Yes,,,Wiley
Animal Science Journal,1740-0929,Yes,,,Wiley
Annalen der Physik,1521-3889,Yes,,,Wiley
Annals of Anthropological Practice,2153-9588,Yes,,,Wiley
Annals of Applied Biology,1744-7348,Yes,,,Wiley
Annals of Human Genetics,1469-1809,Yes,,,Wiley
Annals of Neurology,1531-8249,Yes,,,Wiley
Annals of Public and Cooperative Economics,1467-8292,Yes,,,Wiley
Annals of the New York Academy of Sciences,1749-6632,Yes,,,Wiley
Anthropology & Education Quarterly,1548-1492,Yes,,,Wiley
Anthropology and Humanism,1548-1409,Yes,,,Wiley
Anthropology of Consciousness,1556-3537,Yes,,,Wiley
Anthropology of Work Review,1548-1417,Yes,,,Wiley
Anthropology Today,1467-8322,Yes,,,Wiley
Antipode,1467-8330,Yes,,,Wiley
ANZ Journal of Surgery,1445-2197,Yes,,,Wiley
AORN Journal,1878-0369,Yes,,,Wiley
APMIS,1600-0463,Yes,,,Wiley
Applied Cognitive Psychology,1099-0720,Yes,,,Wiley
Applied Economic Perspectives and Policy,2040-5804,Yes,,,Wiley
Applied Organometallic Chemistry,1099-0739,Yes,,,Wiley
Applied Psychology,1464-0597,Yes,,,Wiley
Applied Psychology: Health and Well-Being,1758-0854,Yes,,,Wiley
Applied Research,2702-4288,Yes,,,Wiley
Applied Stochastic Models in Business and Industry,1526-4025,Yes,,,Wiley
Applied Vegetation Science,1654-109X,Yes,,,Wiley
Aquaculture Research,1365-2109,Yes,,,Wiley
Aquatic Conservation: Marine and Freshwater Ecosystems,1099-0755,Yes,,,Wiley
Arabian Archaeology and Epigraphy,1600-0471,Yes,,,Wiley
Archaeological Prospection,1099-0763,Yes,,,Wiley
Archaeology in Oceania,1834-4453,Yes,,,Wiley
Archaeometry,1475-4754,Yes,,,Wiley
Archeological Papers of the American Anthropological Association,1551-8248,Yes,,,Wiley
Archiv der Pharmazie,1521-4184,Yes,,,Wiley
Archives of Insect Biochemistry and Physiology,1520-6327,Yes,,,Wiley
Area,1475-4762,Yes,,,Wiley
Art History,1467-8365,Yes,,,Wiley
Arthritis & Rheumatology,2326-5205,Yes,,,Wiley
Arthritis Care & Research,2151-4658,Yes,,,Wiley
Artificial Organs,1525-1594,Yes,,,Wiley
Asia Pacific Journal of Human Resources,1744-7941,Yes,,,Wiley
Asia Pacific Viewpoint,1467-8373,Yes,,,Wiley
Asian Economic Journal,1467-8381,Yes,,,Wiley
Asian Economic Policy Review,1748-3131,Yes,,,Wiley
Asian Journal of Control,1934-6093,Yes,,,Wiley
Asian Journal of Endoscopic Surgery,1758-5910,Yes,,,Wiley
Asian Journal of Organic Chemistry ,2193-5815,Yes,,,Wiley
Asian Journal of Social Psychology,1467-839X,Yes,,,Wiley
Asian Politics & Policy,1943-0787,Yes,,,Wiley
Asian Social Work and Policy Review,1753-1411,Yes,,,Wiley
Asian-Pacific Economic Literature,1467-8411,Yes,,,Wiley
Asia-Pacific Journal of Chemical Engineering,1932-2143,Yes,,,Wiley
Asia-Pacific Journal of Clinical Oncology,1743-7563,Yes,,,Wiley
Asia-Pacific Journal of Financial Studies,2041-6156,Yes,,,Wiley
Asia-Pacific Psychiatry,1758-5872,Yes,,,Wiley
Astronomische Nachrichten,1521-3994,Yes,,,Wiley
Austral Ecology,1442-9993,Yes,,,Wiley
Austral Entomology,2052-1758,Yes,,,Wiley
Australasian Journal of Dermatology,1440-0960,Yes,,,Wiley
Australasian Journal of Ultrasound in Medicine,2205-0140,Yes,,,Wiley
Australasian Journal on Ageing,1741-6612,Yes,,,Wiley
Australian & New Zealand Journal of Statistics,1467-842X,Yes,,,Wiley
Australian Accounting Review,1835-2561,Yes,,,Wiley
Australian and New Zealand Journal of Family Therapy,1467-8438,Yes,,,Wiley
Australian and New Zealand Journal of Obstetrics and Gynaecology ,1479-828X,Yes,,,Wiley
Australian Dental Journal,1834-7819,Yes,,,Wiley
Australian Economic History Review,1467-8446,Yes,,,Wiley
Australian Economic Papers,1467-8454,Yes,,,Wiley
Australian Endodontic Journal,1747-4477,Yes,,,Wiley
Australian Journal of Grape and Wine Research,1755-0238,Yes,,,Wiley
Australian Journal of Politics and History,1467-8497,Yes,,,Wiley
Australian Journal of Public Administration,1467-8500,Yes,,,Wiley
Australian Journal of Rural Health,1440-1584,Yes,,,Wiley
Australian Journal of Social Issues,1839-4655,Yes,,,Wiley
Australian Occupational Therapy Journal,1440-1630,Yes,,,Wiley
Australian Veterinary Journal,1751-0813,Yes,,,Wiley
Autism Research,1939-3806,Yes,,,Wiley
Basic & Clinical Pharmacology & Toxicology,1742-7843,Yes,,,Wiley
Basin Research,1365-2117,Yes,,,Wiley
Batteries & Supercaps,2566-6223,Yes,,,Wiley
Behavioral Interventions,1099-078X,Yes,,,Wiley
Behavioral Sciences & the Law,1099-0798,Yes,,,Wiley
Berichte zur Wissenschaftsgeschichte,1522-2365,Yes,,,Wiley
Biochemistry and Molecular Biology Education,1539-3429,Yes,,,Wiley
Bioelectromagnetics,1521-186X,Yes,,,Wiley
BioEssays,1521-1878,Yes,,,Wiley
Bioethics,1467-8519,Yes,,,Wiley
BioFactors,1872-8081,Yes,,,Wiley
"Biofuels, Bioproducts and Biorefining",1932-1031,Yes,,,Wiley
Biological Reviews,1469-185X,Yes,,,Wiley
Biology of the Cell,1768-322X,Yes,,,Wiley
Biomedical Chromatography,1099-0801,Yes,,,Wiley
Biometrical Journal,1521-4036,Yes,,,Wiley
Biometrics,1541-0420,Yes,,,Wiley
Biopharmaceutics & Drug Disposition,1099-081X,Yes,,,Wiley
Biopolymers,1097-0282,Yes,,,Wiley
Biotechnology and Applied Biochemistry,1470-8744,Yes,,,Wiley
Biotechnology and Bioengineering,1097-0290,Yes,,,Wiley
Biotechnology Journal,1860-7314,Yes,,,Wiley
Biotechnology Progress,1520-6033,Yes,,,Wiley
Biotropica,1744-7429,Yes,,,Wiley
Bipolar Disorders,1399-5618,Yes,,,Wiley
Birth,1523-536X,Yes,,,Wiley
Birth Defects Research,2472-1727,Yes,,,Wiley
BJOG: An International Journal of Obstetrics and Gynaecology,1471-0528,Yes,,,Wiley
BJU International,1464-410X,Yes,,,Wiley
British Educational Research Journal,1469-3518,Yes,,,Wiley
British Journal of Clinical Pharmacology,1365-2125,Yes,,,Wiley
British Journal of Clinical Psychology,2044-8260,Yes,,,Wiley
British Journal of Dermatology,1365-2133,Yes,,,Wiley
British Journal of Developmental Psychology,2044-835X,Yes,,,Wiley
British Journal of Education Psychology,2044-8279,Yes,,,Wiley
British Journal of Educational Technology,1467-8535,Yes,,,Wiley
British Journal of Haematology,1365-2141,Yes,,,Wiley
British Journal of Health Psychology,2044-8287,Yes,,,Wiley
British Journal of Industrial Relations,1467-8543,Yes,,,Wiley
British Journal of Learning Disabilities,1468-3156,Yes,,,Wiley
British Journal of Management,1467-8551,Yes,,,Wiley
British Journal of Mathematical and Statistical Psychology,2044-8317,Yes,,,Wiley
British Journal of Pharmacology,1476-5381,Yes,,,Wiley
British Journal of Psychology,2044-8295,Yes,,,Wiley
British Journal of Psychotherapy,1752-0118,Yes,,,Wiley
British Journal of Radiology,1748-880X,Yes,,,Wiley
British Journal of Social Psychology,2044-8309,Yes,,,Wiley
British Journal of Special Education,1467-8578,Yes,,,Wiley
Bulletin of Economic Research,1467-8586,Yes,,,Wiley
Bulletin of Latin American Research,1470-9856,Yes,,,Wiley
Bulletin of the Korean Chemical Society,1229-5949,Yes,,,Wiley
Bulletin of the London Mathematical Society,1469-2120,Yes,,,Wiley
Business and Society Review,1467-8594,Yes,,,Wiley
Business Ethics: A European Review,2694-6424,Yes,,,Wiley
Business Strategy and Development,2572-3170,Yes,,,Wiley
Business Strategy and the Environment,1099-0836,Yes,,,Wiley
c/e papers,2509-7075,Yes,,,Wiley
Canadian Journal of Administrative Sciences/Revue Canadienne des Sciences de l'Administration,1936-4490,Yes,,,Wiley
Canadian Journal of Agricultural Economics/Revue canadienne d'agroeconomie,1744-7976,Yes,,,Wiley
Canadian Journal of Economics/Revue canadienne d'economique,1540-5982,Yes,,,Wiley
Canadian Public Administration/AdministrationPublique du Canada,1754-7121,Yes,,,Wiley
Canadian Review of Sociology/Revue canadienne de sociologie,1755-618X,Yes,,,Wiley
Cancer,1097-0142,Yes,,,Wiley
Catheterization and Cardiovascular Interventions,1522-726X,Yes,,,Wiley
Cell Biochemistry & Function,1099-0844,Yes,,,Wiley
Cell Biology International,1095-8355,Yes,,,Wiley
Cereal Chemistry,1943-3638,Yes,,,Wiley
ChemBioChem,1439-7633,Yes,,,Wiley
ChemBioEng Reviews,2196-9744,Yes,,,Wiley
ChemCatChem,1867-3899,Yes,,,Wiley
ChemElectroChem,2196-0216,Yes,,,Wiley
Chemical Biology & Drug Design,1747-0285,Yes,,,Wiley
Chemical Engineering & Technology,1521-4125,Yes,,,Wiley
Chemie-Ingenieur-Technik (CIT),1522-2640,Yes,,,Wiley
Chemistry - A European Journal,1521-3765,Yes,,,Wiley
Chemistry - An Asian Journal,1861-471X,Yes,,,Wiley
Chemistry & Biodiversity,1612-1880,Yes,,,Wiley
ChemistrySelect,2365-6549,Yes,,,Wiley
ChemKon,1521-3730,Yes,,,Wiley
ChemMedChem,1860-7187,Yes,,,Wiley
CHEMNANOMAT,2199-692X,Yes,,,Wiley
ChemPhotoChem,2367-0932,Yes,,,Wiley
ChemPhysChem,1439-7641,Yes,,,Wiley
ChemPlusChem,2192-6506,Yes,,,Wiley
ChemSusChem,1864-564X,Yes,,,Wiley
ChemSystemsChem,2570-4206,Yes,,,Wiley
Child & Family Social Work,1365-2206,Yes,,,Wiley
Child Abuse Review,1099-0852,Yes,,,Wiley
Child and Adolescent Mental Health,1475-3588,Yes,,,Wiley
Child Development,1467-8624,Yes,,,Wiley
Child Development Perspectives,1750-8606,Yes,,,Wiley
"Child: Care, Health and Development",1365-2214,Yes,,,Wiley
Children & Society,1099-0860,Yes,,,Wiley
China & World Economy,1749-124X,Yes,,,Wiley
Chinese Journal of Chemistry,1614-7065,Yes,,,Wiley
Chinese Journal of Electronics,2075-5597,Yes,,,Wiley
Chirality,1520-636X,Yes,,,Wiley
City & Society,1548-744X,Yes,,,Wiley
Civil Engineering Design,2625-073X,Yes,,,Wiley
Cladistics,1096-0031,Yes,,,Wiley
"CLEAN – Soil, Air, Water",1863-0669,Yes,,,Wiley
Clinical & Experimental Allergy,1365-2222,Yes,,,Wiley
Clinical & Experimental Ophthalmology,1442-9071,Yes,,,Wiley
Clinical Anatomy,1098-2353,Yes,,,Wiley
Clinical and Experimental Dermatology,1365-2230,Yes,,,Wiley
Clinical and Experimental Neuroimmunology,1759-1961,Yes,,,Wiley
Clinical and Experimental Pharmacology and Physiology,1440-1681,Yes,,,Wiley
Clinical Genetics,1399-0004,Yes,,,Wiley
Clinical Implant Dentistry and Related Research,1708-8208,Yes,,,Wiley
Clinical Obesity,1758-8111,Yes,,,Wiley
Clinical Oral Implants Research,1600-0501,Yes,,,Wiley
Clinical Otolaryngology,1749-4486,Yes,,,Wiley
Clinical Pharmacology in Drug Development,2160-7648,Yes,,,Wiley
Clinical Physiology and Functional Imaging,1475-097X,Yes,,,Wiley
Clinical Psychology & Psychotherapy,1099-0879,Yes,,,Wiley
"Clinical Teacher, The",1743-498X,Yes,,,Wiley
Clinical Transplantation,1399-0012,Yes,,,Wiley
Cochrane Library* (Not eligible for APC coverage through a Transitional Deal),1465-1858,Yes,,,Wiley
Cognitive Science - A Multidisciplinary Journal,1551-6709,Yes,,,Wiley
Color Research and Application,1520-6378,Yes,,,Wiley
Coloration Technology,1478-4408,Yes,,,Wiley
Colorectal Disease,1463-1318,Yes,,,Wiley
Communications on Pure and Applied Mathematics,1097-0312,Yes,,,Wiley
Community Dentistry and Oral Epidemiology,1600-0528,Yes,,,Wiley
Comprehensive Reviews in Food Science and Food Safety,1541-4337,Yes,,,Wiley
Computational Intelligence,1467-8640,Yes,,,Wiley
Computer Animation & Virtual Worlds,1546-427X,Yes,,,Wiley
Computer Applications In Engineering Education,1099-0542,Yes,,,Wiley
Computer Graphics Forum,1467-8659,Yes,,,Wiley
Computer-Aided Civil and Infrastructure Engineering,1467-8667,Yes,,,Wiley
Concurrency and Computation: Practice and Experience,1532-0634,Yes,,,Wiley
Conflict Resolution Quarterly,1541-1508,Yes,,,Wiley
Congenital Anomalies,1741-4520,Yes,,,Wiley
Conservation Biology,1523-1739,Yes,,,Wiley
Constellations,1467-8675,Yes,,,Wiley
Consumer Psychology Review,2476-1281,Yes,,,Wiley
Contact Dermatitis,1600-0536,Yes,,,Wiley
Contemporary Accounting Research,1911-3846,Yes,,,Wiley
Contemporary Economic Policy,1465-7287,Yes,,,Wiley
Contributions to Plasma Physics,1521-3986,Yes,,,Wiley
Corporate Governance: An International Review,1467-8683,Yes,,,Wiley
Corporate Social Responsibility and EnvironmentalManagement,1535-3966,Yes,,,Wiley
Counselling and Psychotherapy Research,1746-1405,Yes,,,Wiley
Counselor Education and Supervision,1556-6978,Yes,,,Wiley
Creativity and Innovation Management,1467-8691,Yes,,,Wiley
Criminal Behaviour and Mental Health,1471-2857,Yes,,,Wiley
Criminology,1745-9125,Yes,,,Wiley
Criminology and Public Policy,1745-9133,Yes,,,Wiley
Critical Quarterly,1467-8705,Yes,,,Wiley
Crop Science ,1435-0653,Yes,,,Wiley
"Crop, Forage & Turfgrass Management",2374-3832,Yes,,,Wiley
Crops & Soils ,2325-3606,Yes,,,Wiley
Crystal Research & Technology,1521-4079,Yes,,,Wiley
CSA News ,2325-3584,Yes,,,Wiley
"Culture, Agriculture, Food and Environment",2153-9561,Yes,,,Wiley
Curator: The Museum Journal,2151-6952,Yes,,,Wiley
Current Protocols ,2691-1299,Yes,,,Wiley
Current Protocols Essential Laboratory Techniques,1948-3430,Yes,,,Wiley
Current Protocols in Bioinformatics,1934-340X,Yes,,,Wiley
Current Protocols in Cell Biology,1934-2616,Yes,,,Wiley
Current Protocols in Chemical Biology,2160-4762,Yes,,,Wiley
Current Protocols in Cytometry,1934-9300,Yes,,,Wiley
Current Protocols in Human Genetics,1934-8258,Yes,,,Wiley
Current Protocols in Immunology,1934-368X,Yes,,,Wiley
Current Protocols in Microbiology,1934-8533,Yes,,,Wiley
Current Protocols in Molecular Biology,1934-3647,Yes,,,Wiley
Current Protocols in Mouse Biology,2161-2617,Yes,,,Wiley
Current Protocols in Neuroscience,1934-8576,Yes,,,Wiley
Current Protocols in Nucleic Acid Chemistry,1934-9289,Yes,,,Wiley
Current Protocols in Pharmacology,1934-8290,Yes,,,Wiley
Current Protocols in Plant Biology,2379-8068,Yes,,,Wiley
Current Protocols in Protein Science,1934-3663,Yes,,,Wiley
Current Protocols in Stem Cell Biology,1938-8969,Yes,,,Wiley
Current Protocols in Toxicology,1934-9262,Yes,,,Wiley
Curtis's Botanical Magazine,1467-8748,Yes,,,Wiley
Cytopathology,1365-2303,Yes,,,Wiley
Cytoskeleton,1949-3592,Yes,,,Wiley
Decision Sciences,1540-5915,Yes,,,Wiley
Decision Sciences Journal of Innovative Education,1540-4609,Yes,,,Wiley
Dental Traumatology,1600-9657,Yes,,,Wiley
DentoMaxilloFacial Radiology,1476-542X,Yes,,,Wiley
Depression and Anxiety,1520-6394,Yes,,,Wiley
Dermatologic Therapy,1529-8019,Yes,,,Wiley
Dermatological Reviews,2637-7489,Yes,,,Wiley
Design Management Journal,1948-7177,Yes,,,Wiley
Design Management Review,1948-7169,Yes,,,Wiley
Developing World Bioethics,1471-8847,Yes,,,Wiley
Development and Change,1467-7660,Yes,,,Wiley
Development Policy Review,1467-7679,Yes,,,Wiley
Developmental Dynamics,1097-0177,Yes,,,Wiley
Developmental Medicine & Child Neurology,1469-8749,Yes,,,Wiley
Developmental Neurobiology,1932-846X,Yes,,,Wiley
Developmental Psychobiology,1098-2302,Yes,,,Wiley
Developmental Science,1467-7687,Yes,,,Wiley
"Diabetes, Obesity and Metabolism",1463-1326,Yes,,,Wiley
Diabetes/Metabolism Research and Reviews,1520-7560,Yes,,,Wiley
Diabetic Medicine,1464-5491,Yes,,,Wiley
Diagnostic Cytopathology,1097-0339,Yes,,,Wiley
Dialog,1540-6385,Yes,,,Wiley
Die Unterrichtspraxis/Teaching German,1756-1221,Yes,,,Wiley
Digest of Middle East Studies,1949-3606,Yes,,,Wiley
Digestive Endoscopy,1443-1661,Yes,,,Wiley
Disasters,1467-7717,Yes,,,Wiley
Drug and Alcohol Review,1465-3362,Yes,,,Wiley
Drug Development Research,1098-2299,Yes,,,Wiley
Drug Testing and Analysis,1942-7611,Yes,,,Wiley
Dyslexia,1099-0909,Yes,,,Wiley
Early Intervention in Psychiatry,1751-7893,Yes,,,Wiley
Early Medieval Europe,1468-0254,Yes,,,Wiley
Earth Surface Processes and Landforms,1096-9837,Yes,,,Wiley
Earthquake Engineering & Structural Dynamics,1096-9845,Yes,,,Wiley
Earthquake Engineering and Resilience,2770-5706,Yes,,,Wiley
Echocardiography,1540-8175,Yes,,,Wiley
Ecohydrology,1936-0592,Yes,,,Wiley
Ecological Entomology,1365-2311,Yes,,,Wiley
Ecological Management & Restoration,1442-8903,Yes,,,Wiley
Ecological Research,1440-1703,Yes,,,Wiley
Ecology Letters,1461-0248,Yes,,,Wiley
Ecology of Freshwater Fish,1600-0633,Yes,,,Wiley
Econometrica,1468-0262,Yes,,,Wiley
Economic Affairs,1468-0270,Yes,,,Wiley
Economic Anthropology,2330-4847,Yes,,,Wiley
Economic Inquiry,1465-7295,Yes,,,Wiley
Economic Notes,1468-0300,Yes,,,Wiley
Economic Papers,1759-3441,Yes,,,Wiley
Economic Record,1475-4932,Yes,,,Wiley
Economica ,1468-0335,Yes,,,Wiley
Economics & Politics,1468-0343,Yes,,,Wiley
Economics of Transition and Institutional Change,2577-6983,Yes,,,Wiley
Educational Measurement: Issues and Practices,1745-3992,Yes,,,Wiley
Educational Theory,1741-5446,Yes,,,Wiley
Electrical Engineering in Japan,1520-6416,Yes,,,Wiley
Electroanalysis,1521-4109,Yes,,,Wiley
Electronics and Communications in Japan ,1942-9541,Yes,,,Wiley
ELECTROPHORESIS,1522-2683,Yes,,,Wiley
EMBO Reports,1469-3178,Yes,,,Wiley
Emergency Medicine Australasia,1742-6723,Yes,,,Wiley
Energy Storage,2578-4862,Yes,,,Wiley
Energy Technology,2194-4296,Yes,,,Wiley
Entomologia Experimentalis et Applicata,1570-7458,Yes,,,Wiley
Entomological Research,1748-5967,Yes,,,Wiley
Environmental and Molecular Mutagenesis,1098-2280,Yes,,,Wiley
Environmental Microbiology,1462-2920,Yes,,,Wiley
Environmental Microbiology Reports,1758-2229,Yes,,,Wiley
Environmental Policy and Governance,1756-9338,Yes,,,Wiley
Environmental Progress & Sustainable Energy,1944-7450,Yes,,,Wiley
Environmental Quality Management,1520-6483,Yes,,,Wiley
Environmental Toxicology,1522-7278,Yes,,,Wiley
Environmetrics,1099-095X,Yes,,,Wiley
Epilepsia,1528-1167,Yes,,,Wiley
EPPO Bulletin,1365-2338,Yes,,,Wiley
Equine Veterinary Education,2042-3292,Yes,,,Wiley
Equine Veterinary Journal,2042-3306,Yes,,,Wiley
Ethics & Human Research,2578-2363,Yes,,,Wiley
Ethology,1439-0310,Yes,,,Wiley
Ethos,1548-1352,Yes,,,Wiley
EuroChoices,1746-692X,Yes,,,Wiley
European Eating Disorders Review,1099-0968,Yes,,,Wiley
European Financial Management,1468-036X,Yes,,,Wiley
European Journal of Cancer Care,1365-2354,Yes,,,Wiley
European Journal of Clinical Investigation,1365-2362,Yes,,,Wiley
European Journal of Dental Education,1600-0579,Yes,,,Wiley
European Journal of Education,1465-3435,Yes,,,Wiley
European Journal of Haematology,1600-0609,Yes,,,Wiley
European Journal of Heart Failure,1879-0844,Yes,,,Wiley
European Journal of Immunology,1521-4141,Yes,,,Wiley
European Journal of Inorganic Chemistry,1099-0682,Yes,,,Wiley
European Journal of Lipid Science and Technology,1438-9312,Yes,,,Wiley
European Journal of Neurology,1468-1331,Yes,,,Wiley
European Journal of Neuroscience,1460-9568,Yes,,,Wiley
European Journal of Oral Sciences,1600-0722,Yes,,,Wiley
European Journal of Organic Chemistry,1099-0690,Yes,,,Wiley
European Journal of Pain,1532-2149,Yes,,,Wiley
European Journal of Philosophy,1468-0378,Yes,,,Wiley
European Journal of Political Research,1475-6765,Yes,,,Wiley
European Journal of Political Research Political Data Yearbook,2047-8852,Yes,,,Wiley
European Journal of Social Psychology,1099-0992,Yes,,,Wiley
European Journal of Soil Science,1365-2389,Yes,,,Wiley
European Law Journal,1468-0386,Yes,,,Wiley
European Management Review,1740-4762,Yes,,,Wiley
European Policy Analysis,2380-6567,Yes,,,Wiley
Evolution & Development,1525-142X,Yes,,,Wiley
Evolutionary Anthropology,1520-6505,Yes,,,Wiley
Experimental Dermatology,1600-0625,Yes,,,Wiley
Experimental Physiology,1469-445X,Yes,,,Wiley
Expert Systems,1468-0394,Yes,,,Wiley
Family & Consumer Sciences Research Journal,1552-3934,Yes,,,Wiley
Family Court Review,1744-1617,Yes,,,Wiley
Family Process,1545-5300,Yes,,,Wiley
Family Relations,1741-3729,Yes,,,Wiley
Fatigue & Fracture of Engineering Materials & Structures,1460-2695,Yes,,,Wiley
FEBS Letters,1873-3468,Yes,,,Wiley
Feddes Repertorium,1522-239X,Yes,,,Wiley
Feminist Anthropology,2643-7961,Yes,,,Wiley
Financial Accountability & Management,1468-0408,Yes,,,Wiley
Financial Management,1755-053X,Yes,,,Wiley
"Financial Markets, Institutions & Instruments",1468-0416,Yes,,,Wiley
Financial Planning Review,2573-8615,Yes,,,Wiley
Fire and Materials,1099-1018,Yes,,,Wiley
Fiscal Studies,1475-5890,Yes,,,Wiley
Fish and Fisheries,1467-2979,Yes,,,Wiley
Fisheries,1548-8446,Yes,,,Wiley
Fisheries Management and Ecology,1365-2400,Yes,,,Wiley
Fisheries Oceanography,1365-2419,Yes,,,Wiley
Flavour and Fragrance Journal,1099-1026,Yes,,,Wiley
Foreign Language Annals,1944-9720,Yes,,,Wiley
Forest Pathology,1439-0329,Yes,,,Wiley
Fortschritte der Physik,1521-3978,Yes,,,Wiley
Freshwater Biology,1365-2427,Yes,,,Wiley
Fuel Cells,1615-6854,Yes,,,Wiley
Fundamental & Clinical Pharmacology,1472-8206,Yes,,,Wiley
Futures & Foresight Science,2573-5152,Yes,,,Wiley
GAMM - Mitteilungen,1522-2608,Yes,,,Wiley
Gender & History,1468-0424,Yes,,,Wiley
"Gender, Work & Organisation",1468-0432,Yes,,,Wiley
General Anthropology,1939-3466,Yes,,,Wiley
"Genes, Chromosomes and Cancer",1098-2264,Yes,,,Wiley
Genesis: The Journal of Genetics and Development,1526-968X,Yes,,,Wiley
Genetic Epidemiology,1098-2272,Yes,,,Wiley
Geoarchaeology,1520-6548,Yes,,,Wiley
Geobiology,1472-4669,Yes,,,Wiley
Geographical Analysis,1538-4632,Yes,,,Wiley
Geographical Research,1745-5871,Yes,,,Wiley
Geography Compass (Electronic),1749-8198,Yes,,,Wiley
Geological Journal,1099-1034,Yes,,,Wiley
Geophysical Prospecting,1365-2478,Yes,,,Wiley
Geophysical Research Letters,1944-8007,Yes,,,Wiley
Geostandards & Geoanalytical Research,1751-908X,Yes,,,Wiley
Geriatrics & Gerontology International,1447-0594,Yes,,,Wiley
German Life and Letters,1468-0483,Yes,,,Wiley
Gerodontology,1741-2358,Yes,,,Wiley
Glia,1098-1136,Yes,,,Wiley
Global Biogeochemical Cycles,1944-9224,Yes,,,Wiley
Global Business and Organizational Excellence,1932-2062,Yes,,,Wiley
Global Change Biology,1365-2486,Yes,,,Wiley
Global Ecology and Biogeography,1466-8238,Yes,,,Wiley
Global Networks,1471-0374,Yes,,,Wiley
Global Policy,1758-5899,Yes,,,Wiley
Global Strategy Journal,2042-5805,Yes,,,Wiley
Governance,1468-0491,Yes,,,Wiley
Grass and Forage Science,1365-2494,Yes,,,Wiley
Grassland Science,1744-697X,Yes,,,Wiley
Greenhouse Gases: Science and Technology,2152-3878,Yes,,,Wiley
Growth and Change,1468-2257,Yes,,,Wiley
Haemophilia,1365-2516,Yes,,,Wiley
Hastings Center Report,1552-146X,Yes,,,Wiley
Head & Neck,1097-0347,Yes,,,Wiley
Headache: The Journal of Head and Face Pain,1526-4610,Yes,,,Wiley
Health and Social Care in the Community,1365-2524,Yes,,,Wiley
Health Economics,1099-1050,Yes,,,Wiley
Health Information and Libraries Journal,1471-1842,Yes,,,Wiley
Health Services Research,1475-6773,Yes,,,Wiley
Heat Transfer,2688-4542,Yes,,,Wiley
Helicobacter,1523-5378,Yes,,,Wiley
Helvetica Chimica Acta,1522-2675,Yes,,,Wiley
Hematological Oncology,1099-1069,Yes,,,Wiley
Hemodialysis International,1542-4758,Yes,,,Wiley
Hepatology,1527-3350,Yes,,,Wiley
Hepatology Research,1872-034X,Yes,,,Wiley
Higher Education Quarterly,1468-2273,Yes,,,Wiley
Hippocampus,1098-1063,Yes,,,Wiley
Histopathology,1365-2559,Yes,,,Wiley
History,1468-229X,Yes,,,Wiley
History and Theory,1468-2303,Yes,,,Wiley
History Compass,1478-0542,Yes,,,Wiley
HIV Medicine,1468-1293,Yes,,,Wiley
HLA: Immune Response Genetics,2059-2310,Yes,,,Wiley
Human Factors and Ergonomics in Manufacturing & Service Industries,1520-6564,Yes,,,Wiley
Human Mutation,1098-1004,Yes,,,Wiley
Human Psychopharmacology: Clinical and Experimental,1099-1077,Yes,,,Wiley
Human Resource Development Quarterly,1532-1096,Yes,,,Wiley
Human Resource Management,1099-050X,Yes,,,Wiley
Human Resource Management Journal,1748-8583,Yes,,,Wiley
Hydrological Processes,1099-1085,Yes,,,Wiley
Ibis,1474-919X,Yes,,,Wiley
Immunological Reviews,1600-065X,Yes,,,Wiley
Immunology,1365-2567,Yes,,,Wiley
In Practice,2042-7689,Yes,,,Wiley
Indoor Air,1600-0668,Yes,,,Wiley
Industrial Relations,1468-232X,Yes,,,Wiley
Industrial Relations Journal,1468-2338,Yes,,,Wiley
Infancy,1532-7078,Yes,,,Wiley
Infant and Child Development,1522-7219,Yes,,,Wiley
Infant Mental Health Journal,1097-0355,Yes,,,Wiley
Information Systems Journal,1365-2575,Yes,,,Wiley
Insect Conservation and Diversity,1752-4598,Yes,,,Wiley
Insect Molecular Biology,1365-2583,Yes,,,Wiley
Insect Science,1744-7917,Yes,,,Wiley
Integrative Zoology,1749-4877,Yes,,,Wiley
"Intelligent Systems in Accounting, Finance and Management",2160-0074,Yes,,,Wiley
Internal Medicine Journal,1445-5994,Yes,,,Wiley
International Economic Review,1468-2354,Yes,,,Wiley
International Endodontic Journal,1365-2591,Yes,,,Wiley
International Finance,1468-2362,Yes,,,Wiley
International Forum of Allergy & Rhinology,2042-6984,Yes,,,Wiley
International Insolvency Review,1099-1107,Yes,,,Wiley
International Journal for Numerical and Analytical Methods in Geomechanics,1096-9853,Yes,,,Wiley
International Journal for Numerical Methods in Biomedical Engineering,2040-7947,Yes,,,Wiley
International Journal for Numerical Methods in Engineering,1097-0207,Yes,,,Wiley
International Journal for Numerical Methods in Fluids,1097-0363,Yes,,,Wiley
International Journal of Adaptive Control and Signal Processing,1099-1115,Yes,,,Wiley
International Journal of Applied Linguistics,1473-4192,Yes,,,Wiley
International Journal of Applied Psychoanalytic Studies,1556-9187,Yes,,,Wiley
International Journal of Art & Design Education,1476-8070,Yes,,,Wiley
International Journal of Auditing,1099-1123,Yes,,,Wiley
International Journal of Cancer,1097-0215,Yes,,,Wiley
International Journal of Chemical Kinetics,1097-4601,Yes,,,Wiley
International Journal of Circuit Theory & Applications,1097-007X,Yes,,,Wiley
International Journal of Communication Systems,1099-1131,Yes,,,Wiley
International Journal of Consumer Studies,1470-6431,Yes,,,Wiley
International Journal of Cosmetic Science,1468-2494,Yes,,,Wiley
International Journal of Dairy Technology,1471-0307,Yes,,,Wiley
International Journal of Dental Hygiene,1601-5037,Yes,,,Wiley
International Journal of Dermatology,1365-4632,Yes,,,Wiley
International Journal of Developmental Neuroscience,1873-474X,Yes,,,Wiley
International Journal of Eating Disorders,1098-108X,Yes,,,Wiley
International Journal of Economic Theory,1742-7363,Yes,,,Wiley
International Journal of Energy Research,1099-114X,Yes,,,Wiley
International Journal of Experimental Pathology,1365-2613,Yes,,,Wiley
International Journal of Finance & Economics,1099-1158,Yes,,,Wiley
International Journal of Food Science & Technology,1365-2621,Yes,,,Wiley
International Journal of Geriatric Psychiatry,1099-1166,Yes,,,Wiley
International Journal of Gynecology & Obstetrics,1879-3479,Yes,,,Wiley
International Journal of Imaging Systems and Technology,1098-1098,Yes,,,Wiley
International Journal of Immunogenetics,1744-313X,Yes,,,Wiley
International Journal of Intelligent Systems,1098-111X,Yes,,,Wiley
International Journal of Japanese Sociology,1475-6781,Yes,,,Wiley
International Journal of Laboratory Hematology,1751-553X,Yes,,,Wiley
International Journal of Language & CommunicationDisorders,1460-6984,Yes,,,Wiley
International Journal of Management Reviews,1468-2370,Yes,,,Wiley
International Journal of Mental Health Nursing,1447-0349,Yes,,,Wiley
International Journal of Network Management,1099-1190,Yes,,,Wiley
"International Journal of Numerical Modelling: Electronic Networks, Devices and Fields",1099-1204,Yes,,,Wiley
International Journal of Nursing Knowledge,2047-3095,Yes,,,Wiley
International Journal of Nursing Practice,1440-172X,Yes,,,Wiley
International Journal of Older People Nursing,1748-3743,Yes,,,Wiley
International Journal of Osteoarchaeology,1099-1212,Yes,,,Wiley
International Journal of Paediatric Dentistry,1365-263X,Yes,,,Wiley
International Journal of Psychology,1464-066X,Yes,,,Wiley
International Journal of Quantum Chemistry,1097-461X,Yes,,,Wiley
International Journal of RF and Microwave Computer-Aided Engineering,1099-047X,Yes,,,Wiley
International Journal of Rheumatic Diseases,1756-185X,Yes,,,Wiley
International Journal of Robust and Nonlinear Control,1099-1239,Yes,,,Wiley
International Journal of Satellite Communications and Networking,1542-0981,Yes,,,Wiley
International Journal of Selection and Assessment,1468-2389,Yes,,,Wiley
International Journal of Social Welfare,1468-2397,Yes,,,Wiley
International Journal of Systematic Theology,1468-2400,Yes,,,Wiley
International Journal of Tourism Research,1522-1970,Yes,,,Wiley
International Journal of Training and Development,1468-2419,Yes,,,Wiley
International Journal of Urban and Regional Research,1468-2427,Yes,,,Wiley
International Journal of Urological Nursing,1749-771X,Yes,,,Wiley
International Journal of Urology,1442-2042,Yes,,,Wiley
International Labour Review,1564-913X,Yes,,,Wiley
International Migration,1468-2435,Yes,,,Wiley
International Nursing Review,1466-7657,Yes,,,Wiley
International Review of Finance,1468-2443,Yes,,,Wiley
International Review of Hydrobiology,1522-2632,Yes,,,Wiley
International Review of Mission,1758-6631,Yes,,,Wiley
International Social Science Journal,1468-2451,Yes,,,Wiley
International Social Security Review,1468-246X,Yes,,,Wiley
International Statistical Review,1751-5823,Yes,,,Wiley
International Transactions in Operational Research,1475-3995,Yes,,,Wiley
Internet Technology Letters,2476-1508,Yes,,,Wiley
Invertebrate Biology,1744-7410,Yes,,,Wiley
IPPR Progressive Review,2573-2331,Yes,,,Wiley
Irrigation and Drainage,1531-0361,Yes,,,Wiley
Island Arc,1440-1738,Yes,,,Wiley
Israel Journal of Chemistry,1869-5868,Yes,,,Wiley
IUBMB Life,1521-6551,Yes,,,Wiley
JACCP:  Journal of the American College of Clinical Pharmacy,2574-9870,Yes,,,Wiley
Japan Journal of Nursing Science,1742-7924,Yes,,,Wiley
JCMS: Journal of Common Market Studies,1468-5965,Yes,,,Wiley
JFSA Reports,2573-5098,Yes,,,Wiley
Journal der Deutschen Dermatologischen Gesellschaft,1610-0387,Yes,,,Wiley
Journal For Eighteenth-Century Studies,1754-0208,Yes,,,Wiley
Journal for Specialists In Pediatric Nursing,1744-6155,Yes,,,Wiley
Journal for the Anthropology of North America,2475-5389,Yes,,,Wiley
Journal for the Scientific Study of Religion,1468-5906,Yes,,,Wiley
Journal for the Theory of Social Behaviour,1468-5914,Yes,,,Wiley
Journal of Accounting Research,1475-679X,Yes,,,Wiley
Journal of Addictions & Offender Counseling,2161-1874,Yes,,,Wiley
Journal of Adolescence,1095-9254,Yes,,,Wiley
Journal of Adolescent & Adult Literacy,1936-2706,Yes,,,Wiley
Journal of Advanced Manufacturing and Processing,2637-403X,Yes,,,Wiley
Journal of Advanced Nursing,1365-2648,Yes,,,Wiley
Journal of Agrarian Change,1471-0366,Yes,,,Wiley
Journal of Agricultural Economics,1477-9552,Yes,,,Wiley
Journal of Agronomy and Crop Science,1439-037X,Yes,,,Wiley
Journal of American Geriatrics Society,1532-5415,Yes,,,Wiley
Journal of Analytical Psychology,1468-5922,Yes,,,Wiley
Journal of Anatomy,1469-7580,Yes,,,Wiley
Journal of Animal Breeding and Genetics,1439-0388,Yes,,,Wiley
Journal of Animal Physiology and Animal Nutrition,1439-0396,Yes,,,Wiley
Journal of Applied Behavior Analysis,1938-3703,Yes,,,Wiley
Journal of Applied Corporate Finance,1745-6622,Yes,,,Wiley
Journal of Applied Crystallography,1600-5767,Yes,,,Wiley
Journal of Applied Econometrics,1099-1255,Yes,,,Wiley
Journal of Applied Entomology,1439-0418,Yes,,,Wiley
Journal of Applied Ichthyology,1439-0426,Yes,,,Wiley
Journal of Applied Microbiology,1365-2672,Yes,,,Wiley
Journal of Applied Philosophy,1468-5930,Yes,,,Wiley
Journal of Applied Polymer Science,1097-4628,Yes,,,Wiley
Journal of Applied Research in Intellectual Disabilities,1468-3148,Yes,,,Wiley
Journal of Applied Social Psychology,1559-1816,Yes,,,Wiley
Journal of Applied Toxicology,1099-1263,Yes,,,Wiley
Journal of Aquatic Animal Health,1548-8667,Yes,,,Wiley
Journal of Basic Microbiology,1521-4028,Yes,,,Wiley
Journal of Behavioral Decision Making,1099-0771,Yes,,,Wiley
Journal of Biochemical and Molecular Toxicology,1099-0461,Yes,,,Wiley
Journal of Biogeography,1365-2699,Yes,,,Wiley
Journal of Biophotonics,1864-0648,Yes,,,Wiley
Journal of Bone and Mineral Research,1523-4681,Yes,,,Wiley
Journal of Business Finance & Accounting,1468-5957,Yes,,,Wiley
Journal of Business Logistics,2158-1592,Yes,,,Wiley
Journal of Cardiac Surgery,1540-8191,Yes,,,Wiley
Journal of Cardiovascular Electrophysiology,1540-8167,Yes,,,Wiley
Journal of Cellular Biochemistry,1097-4644,Yes,,,Wiley
Journal of Cellular Physiology,1097-4652,Yes,,,Wiley
Journal of Chemical Technology and Biotechnology,1097-4660,Yes,,,Wiley
Journal of Chemometrics,1099-128X,Yes,,,Wiley
Journal of Child and Adolescent Psychiatric Nursing,1744-6171,Yes,,,Wiley
Journal of Child Psychology and Psychiatry,1469-7610,Yes,,,Wiley
Journal of Clinical Apheresis,1098-1101,Yes,,,Wiley
Journal of Clinical Nursing,1365-2702,Yes,,,Wiley
Journal of Clinical Periodontology,1600-051X,Yes,,,Wiley
Journal of Clinical Pharmacology,1552-4604,Yes,,,Wiley
Journal of Clinical Pharmacy and Therapeutics,1365-2710,Yes,,,Wiley
Journal of Clinical Psychology,1097-4679,Yes,,,Wiley
Journal of Clinical Ultrasound,1097-0096,Yes,,,Wiley
Journal of Combinatorial Designs,1520-6610,Yes,,,Wiley
Journal of Community & Applied Social Psychology,1099-1298,Yes,,,Wiley
Journal of Community Psychology,1520-6629,Yes,,,Wiley
Journal of Computational Chemistry,1096-987X,Yes,,,Wiley
Journal of Computer Assisted Learning,1365-2729,Yes,,,Wiley
Journal of Consumer Affairs,1745-6606,Yes,,,Wiley
Journal of Consumer Behaviour,1479-1838,Yes,,,Wiley
Journal of Consumer Psychology,1532-7663,Yes,,,Wiley
Journal of Contingencies and Crisis Management,1468-5973,Yes,,,Wiley
Journal of Corporate Accounting & Finance,1097-0053,Yes,,,Wiley
Journal of Cosmetic Dermatology,1473-2165,Yes,,,Wiley
Journal of Counseling & Development,1556-6676,Yes,,,Wiley
Journal of Cutaneous Pathology,1600-0560,Yes,,,Wiley
Journal of Dental Education,1930-7837,Yes,,,Wiley
Journal of Digestive Diseases,1751-2980,Yes,,,Wiley
Journal of Economic Surveys,1467-6419,Yes,,,Wiley
Journal of Economics & Management Strategy,1530-9134,Yes,,,Wiley
Journal of Educational Measurement,1745-3984,Yes,,,Wiley
Journal of Empirical Legal Studies,1740-1461,Yes,,,Wiley
Journal of Employment Counseling,2161-1920,Yes,,,Wiley
Journal of Engineering Education,2168-9830,Yes,,,Wiley
Journal of Environmental Quality ,1537-2537,Yes,,,Wiley
Journal of Esthetic and Restorative Dentistry,1708-8240,Yes,,,Wiley
Journal of Eukaryotic Microbiology,1550-7408,Yes,,,Wiley
Journal of Evaluation in Clinical Practice,1365-2753,Yes,,,Wiley
Journal of Evidence-Based Medicine,1756-5391,Yes,,,Wiley
Journal of Experimental Zoology Part A: Ecological Genetics and Physiology,1932-5231,Yes,,,Wiley
Journal of Experimental Zoology Part B Molecular and Developmental Evolution,1552-5015,Yes,,,Wiley
Journal of Family Theory & Review,1756-2589,Yes,,,Wiley
Journal of Family Therapy,1467-6427,Yes,,,Wiley
Journal of Field Robotics,1556-4967,Yes,,,Wiley
Journal of Fish Biology,1095-8649,Yes,,,Wiley
Journal of Fish Diseases,1365-2761,Yes,,,Wiley
Journal of Food Biochemistry,1745-4514,Yes,,,Wiley
Journal of Food Process Engineering,1745-4530,Yes,,,Wiley
Journal of Food Processing and Preservation,1745-4549,Yes,,,Wiley
Journal of Food Safety,1745-4565,Yes,,,Wiley
Journal of Food Science,1750-3841,Yes,,,Wiley
Journal of Forecasting,1099-131X,Yes,,,Wiley
Journal of Forensic Sciences,1556-4029,Yes,,,Wiley
Journal of Gastroenterology and Hepatology,1440-1746,Yes,,,Wiley
Journal of Genetic Counseling,1573-3599,Yes,,,Wiley
Journal of Geophysical Research: Atmospheres,2169-8996,Yes,,,Wiley
Journal of Geophysical Research: Biogeosciences,2169-8961,Yes,,,Wiley
Journal of Geophysical Research: Earth Surface,2169-9011,Yes,,,Wiley
Journal of Geophysical Research: Oceans,2169-9291,Yes,,,Wiley
Journal of Geophysical Research: Planets,2169-9100,Yes,,,Wiley
Journal of Geophysical Research: Solid Earth,2169-9356,Yes,,,Wiley
Journal of Geophysical Research: Space Physics,2169-9402,Yes,,,Wiley
Journal of Graph Theory,1097-0118,Yes,,,Wiley
Journal of Healthcare Risk Management,2040-0861,Yes,,,Wiley
Journal of Hepato-Biliary-Pancreatic Sciences,1868-6982,Yes,,,Wiley
Journal of Heterocyclic Chemistry,1943-5193,Yes,,,Wiley
Journal of Historical Sociology,1467-6443,Yes,,,Wiley
Journal of Hospital Medicine,1553-5606,Yes,,,Wiley
Journal of Human Nutrition and Dietetics,1365-277X,Yes,,,Wiley
Journal of Inherited Metabolic Disease,1573-2665,Yes,,,Wiley
Journal of Integrative Plant Biology,1744-7909,Yes,,,Wiley
Journal of Intellectual Disability Research,1365-2788,Yes,,,Wiley
Journal of Interior Design,1939-1668,Yes,,,Wiley
Journal of Internal Medicine,1365-2796,Yes,,,Wiley
Journal of International Development,1099-1328,Yes,,,Wiley
Journal of International Financial Management & Accounting,1467-646X,Yes,,,Wiley
Journal of Investigative Psychology and Offender Profiling,1544-4767,Yes,,,Wiley
Journal of Labelled Compounds and Radiopharmaceuticals,1099-1344,Yes,,,Wiley
Journal of Latin American & Caribbean Anthropology,1935-4940,Yes,,,Wiley
Journal of Law and Society,1467-6478,Yes,,,Wiley
Journal of Leadership Studies,1935-262X,Yes,,,Wiley
Journal of Legal Studies Education,1744-1722,Yes,,,Wiley
Journal of Leukocyte Biology,1938-3673,Yes,,,Wiley
Journal of Linguistic Anthropology,1548-1395,Yes,,,Wiley
Journal of Management Studies,1467-6486,Yes,,,Wiley
Journal of Marital and Family Therapy,1752-0606,Yes,,,Wiley
Journal of Marriage and Family,1741-3737,Yes,,,Wiley
Journal of Mass Spectrometry,1096-9888,Yes,,,Wiley
Journal of Medical Imaging and Radiation Oncology,1754-9485,Yes,,,Wiley
Journal of Medical Primatology,1600-0684,Yes,,,Wiley
Journal of Medical Virology,1096-9071,Yes,,,Wiley
Journal of Metamorphic Geology,1525-1314,Yes,,,Wiley
Journal of Microscopy,1365-2818,Yes,,,Wiley
Journal of Midwifery & Women's Health,1542-2011,Yes,,,Wiley
Journal of Molecular Recognition,1099-1352,Yes,,,Wiley
"Journal of Money, Credit and Banking",1538-4616,Yes,,,Wiley
Journal of Morphology,1097-4687,Yes,,,Wiley
Journal of Multi-Criteria Decision Analysis,1099-1360,Yes,,,Wiley
Journal of Multicultural Counseling and Development,2161-1912,Yes,,,Wiley
Journal of Neuroimaging,1552-6569,Yes,,,Wiley
Journal of Neuropsychology,1748-6653,Yes,,,Wiley
Journal of Neuroscience Research,1097-4547,Yes,,,Wiley
Journal of Nursing Management,1365-2834,Yes,,,Wiley
Journal of Obstetrics and Gynaecology Research,1447-0756,Yes,,,Wiley
Journal of Occupational and Organizational Psychology,2044-8325,Yes,,,Wiley
Journal of Operations Management,1873-1317,Yes,,,Wiley
Journal of Oral Pathology & Medicine,1600-0714,Yes,,,Wiley
Journal of Oral Rehabilitation,1365-2842,Yes,,,Wiley
Journal of Organizational Behavior,1099-1379,Yes,,,Wiley
Journal of Orthopaedic Research ,1554-527X,Yes,,,Wiley
Journal of Paediatrics and Child Health,1440-1754,Yes,,,Wiley
Journal of Peptide Science,1099-1387,Yes,,,Wiley
Journal of Periodontal Research,1600-0765,Yes,,,Wiley
Journal of Personality,1467-6494,Yes,,,Wiley
Journal of Petroleum Geology,1747-5457,Yes,,,Wiley
Journal of Pharmacy Practice and Research,2055-2335,Yes,,,Wiley
Journal of Philanthropy and Marketing,2691-1361,Yes,,,Wiley
Journal of Philosophy of Education,1467-9752,Yes,,,Wiley
Journal of Phycology,1529-8817,Yes,,,Wiley
Journal of Physical Organic Chemistry,1099-1395,Yes,,,Wiley
Journal of Phytopathology,1439-0434,Yes,,,Wiley
Journal of Pineal Research,1600-079X,Yes,,,Wiley
Journal of Plant Nutrition and Soil Science,1522-2624,Yes,,,Wiley
Journal of Plant Registrations ,1940-3496,Yes,,,Wiley
Journal of Policy Analysis and Management,1520-6688,Yes,,,Wiley
Journal of Policy and Practice In Intellectual Disabilities,1741-1130,Yes,,,Wiley
Journal of Polymer Science ,2642-4169,Yes,,,Wiley
Journal of Product Innovation Management,1540-5885,Yes,,,Wiley
Journal of Prosthodontics,1532-849X,Yes,,,Wiley
Journal of Psychiatric and Mental Health Nursing,1365-2850,Yes,,,Wiley
Journal of Public Affairs,1479-1854,Yes,,,Wiley
Journal of Public Economic Theory,1467-9779,Yes,,,Wiley
Journal of Public Health Dentistry,1752-7325,Yes,,,Wiley
Journal of Quaternary Science,1099-1417,Yes,,,Wiley
Journal of Raman Spectroscopy,1097-4555,Yes,,,Wiley
Journal Of Regional Science,1467-9787,Yes,,,Wiley
Journal of Religious Ethics,1467-9795,Yes,,,Wiley
Journal of Religious History,1467-9809,Yes,,,Wiley
Journal of Renal Care,1755-6686,Yes,,,Wiley
Journal of Research in Reading,1467-9817,Yes,,,Wiley
Journal of Research in Science Teaching,1098-2736,Yes,,,Wiley
Journal of Research in Special Educational Needs,1471-3802,Yes,,,Wiley
Journal of Research On Adolescence,1532-7795,Yes,,,Wiley
Journal of Risk and Insurance,1539-6975,Yes,,,Wiley
Journal of School Health,1746-1561,Yes,,,Wiley
Journal of Sensory Studies,1745-459X,Yes,,,Wiley
Journal of Separation Science,1615-9314,Yes,,,Wiley
Journal of Small Animal Practice,1748-5827,Yes,,,Wiley
Journal of Social Issues,1540-4560,Yes,,,Wiley
Journal of Social Philosophy,1467-9833,Yes,,,Wiley
Journal of Sociolinguistics,1467-9841,Yes,,,Wiley
Journal of Software: Evolution and Process,2047-7481,Yes,,,Wiley
Journal of Supply Chain Management,1745-493X,Yes,,,Wiley
Journal of Supreme Court History,1540-5818,Yes,,,Wiley
Journal of Surfactants and Detergents,1558-9293,Yes,,,Wiley
Journal of Surgical Oncology,1096-9098,Yes,,,Wiley
Journal of Systematics and Evolution,1759-6831,Yes,,,Wiley
Journal of Texture Studies,1745-4603,Yes,,,Wiley
Journal of The American Oil Chemists' Society,1558-9331,Yes,,,Wiley
Journal of the American Water Resources Association,1752-1688,Yes,,,Wiley
Journal of the Association for Information Science and Technology,2330-1643,Yes,,,Wiley
Journal of the Chinese Chemical Society,2192-6549,Yes,,,Wiley
Journal of the European Academy of Dermatology and Venereology,1468-3083,Yes,,,Wiley
Journal of the Experimental Analysis of Behavior,1938-3711,Yes,,,Wiley
Journal of the History of the Behavioral Sciences,1520-6696,Yes,,,Wiley
Journal of the Institute of Brewing,2050-0416,Yes,,,Wiley
Journal of the London Mathematical Society,1469-7750,Yes,,,Wiley
Journal of the Peripheral Nervous System,1529-8027,Yes,,,Wiley
Journal of the Royal Anthropological Institute,1467-9655,Yes,,,Wiley
Journal of the Royal Statistical Society: Series A (Statistics in Society),1467-985X,Yes,,,Wiley
Journal of the Royal Statistical Society: Series B (Statistical Methodology),1467-9868,Yes,,,Wiley
Journal of the Royal Statistical Society: Series C (Applied Statistics),1467-9876,Yes,,,Wiley
Journal of the Science of Food and Agriculture,1097-0010,Yes,,,Wiley
Journal of the Society for Information Display,1938-3657,Yes,,,Wiley
Journal of Time Series Analysis,1467-9892,Yes,,,Wiley
Journal of Tissue Engineering and Regenerative Medicine,1932-7005,Yes,,,Wiley
Journal of Topology,1753-8424,Yes,,,Wiley
Journal of Traumatic Stress,1573-6598,Yes,,,Wiley
Journal of Ultrasound in Medicine,1550-9613,Yes,,,Wiley
Journal of Vegetation Science,1654-1103,Yes,,,Wiley
Journal of Veterinary Emergency and Critical Care,1476-4431,Yes,,,Wiley
Journal of Veterinary Pharmacology and Therapeutics,1365-2885,Yes,,,Wiley
Journal of Vinyl & Additive Technology,1548-0585,Yes,,,Wiley
Journal of Viral Hepatitis,1365-2893,Yes,,,Wiley
Journal of Zoology,1469-7998,Yes,,,Wiley
Juvenile and Family Court Journal,1755-6988,Yes,,,Wiley
Knowledge and Process Management,1099-1441,Yes,,,Wiley
Kyklos,1467-6435,Yes,,,Wiley
LABOUR,1467-9914,Yes,,,Wiley
"Lakes & Reservoirs: Science, Policy and Management for Sustainable Use",1440-1770,Yes,,,Wiley
Land Degradation and Development,1099-145X,Yes,,,Wiley
Language & Linguistics Compass,1749-818X,Yes,,,Wiley
Language Learning,1467-9922,Yes,,,Wiley
Laser & Photonics Reviews,1863-8899,Yes,,,Wiley
Lasers in Surgery and Medicine,1096-9101,Yes,,,Wiley
Latin American Policy,2041-7373,Yes,,,Wiley
Law & Policy,1467-9930,Yes,,,Wiley
Law & Society Review,1540-5893,Yes,,,Wiley
Leader to Leader,1531-5355,Yes,,,Wiley
Learning Disabilities Research & Practice,1540-5826,Yes,,,Wiley
Legal and Criminological Psychology,2044-8333,Yes,,,Wiley
Legislative Studies Quarterly,1939-9162,Yes,,,Wiley
Letters In Applied Microbiology,1472-765X,Yes,,,Wiley
Lipids,1558-9307,Yes,,,Wiley
Literacy,1741-4369,Yes,,,Wiley
Literature Compass,1741-4113,Yes,,,Wiley
Liver International,1478-3231,Yes,,,Wiley
Liver Transplantation,1527-6473,Yes,,,Wiley
Lubrication Science,1557-6833,Yes,,,Wiley
Luminescence: The Journal of Biological and Chemical Luminescence,1522-7243,Yes,,,Wiley
LUTS,1757-5672,Yes,,,Wiley
Macromolecular Bioscience,1616-5195,Yes,,,Wiley
Macromolecular Chemistry and Physics,1521-3935,Yes,,,Wiley
Macromolecular Materials and Engineering,1439-2054,Yes,,,Wiley
Macromolecular Rapid Communications,1521-3927,Yes,,,Wiley
Macromolecular Reaction Engineering,1862-8338,Yes,,,Wiley
Macromolecular Symposia,1521-3900,Yes,,,Wiley
Macromolecular Theory and Simulations,1521-3919,Yes,,,Wiley
Magnetic Resonance in Chemistry,1097-458X,Yes,,,Wiley
Mammal Review,1365-2907,Yes,,,Wiley
Managerial and Decision Economics,1099-1468,Yes,,,Wiley
Marine Ecology,1439-0485,Yes,,,Wiley
Marine Mammal Science,1748-7692,Yes,,,Wiley
Mass Spectrometry Reviews,1098-2787,Yes,,,Wiley
Materials and Corrosion,1521-4176,Yes,,,Wiley
Materialwissenschaft und Werkstofftechnik,1521-4052,Yes,,,Wiley
Mathematical Finance,1467-9965,Yes,,,Wiley
Mathematical Logic Quarterly,1521-3870,Yes,,,Wiley
Mathematical Methods in the Applied Sciences,1099-1476,Yes,,,Wiley
Mathematika,2041-7942,Yes,,,Wiley
Mathematische Nachrichten,1522-2616,Yes,,,Wiley
Medical and Veterinary Entomology,1365-2915,Yes,,,Wiley
Medical Anthropology Quarterly,1548-1387,Yes,,,Wiley
Medical Education,1365-2923,Yes,,,Wiley
Medical Journal of Australia,1326-5377,Yes,,,Wiley
Medical Physics,2473-4209,Yes,,,Wiley
Medicinal Research Reviews,1098-1128,Yes,,,Wiley
Metaphilosophy,1467-9973,Yes,,,Wiley
Meteoritics & Planetary Science,1945-5100,Yes,,,Wiley
Metroeconomica,1467-999X,Yes,,,Wiley
Microcirculation,1549-8719,Yes,,,Wiley
Microscopy Research and Technique,1097-0029,Yes,,,Wiley
Microsurgery,1098-2752,Yes,,,Wiley
Microwave and Optical Technology Letters,1098-2760,Yes,,,Wiley
Middle East Policy,1475-4967,Yes,,,Wiley
Milton Quarterly,1094-348X,Yes,,,Wiley
Mind & Language,1468-0017,Yes,,,Wiley
"Mind, Brain, and Education",1751-228X,Yes,,,Wiley
Modern Law Review,1468-2230,Yes,,,Wiley
Modern Theology,1468-0025,Yes,,,Wiley
Molecular Carcinogenesis,1098-2744,Yes,,,Wiley
Molecular Ecology,1365-294X,Yes,,,Wiley
Molecular Ecology Resources,1755-0998,Yes,,,Wiley
Molecular Informatics,1868-1751,Yes,,,Wiley
Molecular Microbiology,1365-2958,Yes,,,Wiley
Molecular Nutrition & Food Research,1613-4133,Yes,,,Wiley
Molecular Oral Microbiology,2041-1014,Yes,,,Wiley
Molecular Reproduction & Development,1098-2795,Yes,,,Wiley
Monographs of the Society for Research in Child Development,1540-5834,Yes,,,Wiley
Movement Disorders,1531-8257,Yes,,,Wiley
Movement Disorders Clinical Practice(Electronic),2330-1619,Yes,,,Wiley
Muscle & Nerve,1097-4598,Yes,,,Wiley
Musculoskeletal Care,1557-0681,Yes,,,Wiley
Museum Anthropology,1548-1379,Yes,,,Wiley
Music Analysis,1468-2249,Yes,,,Wiley
Mycoses,1439-0507,Yes,,,Wiley
Nations and Nationalism,1469-8129,Yes,,,Wiley
Natural Resources Forum,1477-8947,Yes,,,Wiley
Natural Sciences Education,2168-8281,Yes,,,Wiley
Naval Research Logistics,1520-6750,Yes,,,Wiley
Near Surface Geophysics,1873-0604,Yes,,,Wiley
Negotiation Journal,1571-9979,Yes,,,Wiley
Nephrology,1440-1797,Yes,,,Wiley
Networks,1097-0037,Yes,,,Wiley
Neurogastroenterology & Motility,1365-2982,Yes,,,Wiley
Neurology and Clinical Neuroscience,2049-4173,Yes,,,Wiley
Neuropathology,1440-1789,Yes,,,Wiley
Neuropathology and Applied Neurobiology,1365-2990,Yes,,,Wiley
Neurourology and Urodynamics,1520-6777,Yes,,,Wiley
New Blackfriars,1741-2005,Yes,,,Wiley
New Directions for Adult and Continuing Education,1536-0717,Yes,,,Wiley
New Directions for Child and Adolescent Development,1534-8687,Yes,,,Wiley
New Directions for Community Colleges,1536-0733,Yes,,,Wiley
New Directions for Evaluation,1534-875X,Yes,,,Wiley
New Directions for Higher Education,1536-0741,Yes,,,Wiley
New Directions for Student Leadership,2373-3357,Yes,,,Wiley
New Directions for Student Services,1536-0695,Yes,,,Wiley
New Directions for Teaching and Learning,1536-0768,Yes,,,Wiley
New Phytologist,1469-8137,Yes,,,Wiley
"New Technology, Work and Employment",1468-005X,Yes,,,Wiley
New Zealand Geographer,1745-7939,Yes,,,Wiley
NMR in Biomedicine,1099-1492,Yes,,,Wiley
Nonprofit Management and Leadership,1542-7854,Yes,,,Wiley
Nordic Journal of Botany,1756-1051,Yes,,,Wiley
North American Journal of Aquaculture,1548-8454,Yes,,,Wiley
North American Journal of Fisheries Management,1548-8675,Yes,,,Wiley
Nous,1468-0068,Yes,,,Wiley
Numerical Linear Algebra With Applications,1099-1506,Yes,,,Wiley
Numerical Methods for Partial Differential Equations,1098-2426,Yes,,,Wiley
Nursing & Health Sciences,1442-2018,Yes,,,Wiley
Nursing Forum,1744-6198,Yes,,,Wiley
Nursing In Critical Care,1478-5153,Yes,,,Wiley
Nursing Inquiry,1440-1800,Yes,,,Wiley
Nursing Philosophy,1466-769X,Yes,,,Wiley
Nutrition & Dietetics,1747-0080,Yes,,,Wiley
Nutrition Bulletin,1467-3010,Yes,,,Wiley
Obesity,1930-739X,Yes,,,Wiley
Obesity Reviews,1467-789X,Yes,,,Wiley
Oceania,1834-4461,Yes,,,Wiley
Oikos,1600-0706,Yes,,,Wiley
OPEC Energy Review,1753-0237,Yes,,,Wiley
Ophthalmic and Physiological Optics,1475-1313,Yes,,,Wiley
Optimal Control Applications and Methods,1099-1514,Yes,,,Wiley
Oral Diseases,1601-0825,Yes,,,Wiley
Oral Science International,1881-4204,Yes,,,Wiley
Oral Surgery,1752-248X,Yes,,,Wiley
Orbis Litterarum,1600-0730,Yes,,,Wiley
Orthodontics & Craniofacial Research,1601-6343,Yes,,,Wiley
Oxford Bulletin of Economics and Statistics,1468-0084,Yes,,,Wiley
Oxford Journal of Archaeology,1468-0092,Yes,,,Wiley
Pacific Economic Review,1468-0106,Yes,,,Wiley
Pacific Focus,1976-5118,Yes,,,Wiley
Pacific Philosophical Quarterly,1468-0114,Yes,,,Wiley
Pacing and Clinical Electrophysiology,1540-8159,Yes,,,Wiley
Packaging Technology and Science,1099-1522,Yes,,,Wiley
Paediatric and Perinatal Epidemiology,1365-3016,Yes,,,Wiley
Pain Practice,1533-2500,Yes,,,Wiley
Palaeontology,1475-4983,Yes,,,Wiley
Paleoceanography and Paleoclimatology,2572-4525,Yes,,,Wiley
Papers in Palaeontology,2056-2802,Yes,,,Wiley
Parasite Immunology,1365-3024,Yes,,,Wiley
Parliamentary History,1750-0206,Yes,,,Wiley
Particle & Particle Systems Characterization,1521-4117,Yes,,,Wiley
Pathology International,1440-1827,Yes,,,Wiley
Peace & Change,1468-0130,Yes,,,Wiley
Pediatric Allergy and Immunology,1399-3038,Yes,,,Wiley
Pediatric Anesthesia,1460-9592,Yes,,,Wiley
Pediatric Blood & Cancer,1545-5017,Yes,,,Wiley
Pediatric Dermatology,1525-1470,Yes,,,Wiley
Pediatric Diabetes,1399-5448,Yes,,,Wiley
Pediatric Obesity,2047-6310,Yes,,,Wiley
Pediatric Pulmonology,1099-0496,Yes,,,Wiley
Pediatric Transplantation,1399-3046,Yes,,,Wiley
Pediatrics International,1442-200X,Yes,,,Wiley
Peptide Science,2475-8817,Yes,,,Wiley
Periodontology 2000,1600-0757,Yes,,,Wiley
Permafrost and Periglacial Processes,1099-1530,Yes,,,Wiley
Personal Relationships,1475-6811,Yes,,,Wiley
Personality and Mental Health,1932-863X,Yes,,,Wiley
Personnel Psychology,1744-6570,Yes,,,Wiley
Perspectives In Psychiatric Care,1744-6163,Yes,,,Wiley
Perspectives On Sexual and Reproductive Health,1931-2393,Yes,,,Wiley
Pest Management Science,1526-4998,Yes,,,Wiley
Pharmaceutical Statistics,1539-1612,Yes,,,Wiley
Pharmacoepidemiology and Drug Safety,1099-1557,Yes,,,Wiley
Pharmacotherapy: The Journal of Human Pharmacology and Drug Therapy,1875-9114,Yes,,,Wiley
Philosophical Forum,1467-9191,Yes,,,Wiley
Philosophical Investigations,1467-9205,Yes,,,Wiley
Philosophical Issues,1758-2237,Yes,,,Wiley
Philosophical Perspectives,1520-8583,Yes,,,Wiley
Philosophy & Public Affairs,1088-4963,Yes,,,Wiley
Philosophy and Phenomenological Research,1933-1592,Yes,,,Wiley
Philosophy Compass,1747-9991,Yes,,,Wiley
Photochemistry and Photobiology,1751-1097,Yes,,,Wiley
"Photodermatology, Photoimmunology & Photomedicine",1600-0781,Yes,,,Wiley
Phycological Research,1440-1835,Yes,,,Wiley
physica status solidi (a) applications and materials science,1862-6319,Yes,,,Wiley
physica status solidi (b) basic solid state physics,1521-3951,Yes,,,Wiley
physica status solidi (RRL) rapid research letters,1862-6270,Yes,,,Wiley
Physik in unserer Zeit,1521-3943,Yes,,,Wiley
Physiological Entomology,1365-3032,Yes,,,Wiley
Physiotherapy Research International,1471-2865,Yes,,,Wiley
Phytochemical Analysis,1099-1565,Yes,,,Wiley
Phytotherapy Research,1099-1573,Yes,,,Wiley
Pigment Cell & Melanoma Research,1755-148X,Yes,,,Wiley
Plant Biology,1438-8677,Yes,,,Wiley
Plant Breeding,1439-0523,Yes,,,Wiley
Plant Pathology,1365-3059,Yes,,,Wiley
Plant Species Biology,1442-1984,Yes,,,Wiley
"Plant, Cell & Environment",1365-3040,Yes,,,Wiley
Plasma Processes and Polymers,1612-8869,Yes,,,Wiley
PM&R ,1934-1563,Yes,,,Wiley
PoLAR: Political and Legal Anthropology Review,1555-2934,Yes,,,Wiley
Policy & Internet (Electronic),1944-2866,Yes,,,Wiley
Policy Studies Journal,1541-0072,Yes,,,Wiley
Political Psychology,1467-9221,Yes,,,Wiley
Political Science Quarterly,1538-165X,Yes,,,Wiley
Politics & Policy,1747-1346,Yes,,,Wiley
Polymer Composites,1548-0569,Yes,,,Wiley
Polymer Engineering & Science,1548-2634,Yes,,,Wiley
Polymer International,1097-0126,Yes,,,Wiley
Polymers for Advanced Technologies,1099-1581,Yes,,,Wiley
Population and Development Review,1728-4457,Yes,,,Wiley
Population Ecology,1438-390X,Yes,,,Wiley
"Population, Space and Place",1544-8452,Yes,,,Wiley
Poverty & Public Policy (Electronic),1944-2858,Yes,,,Wiley
Prenatal Diagnosis,1097-0223,Yes,,,Wiley
Presidential Studies Quarterly,1741-5705,Yes,,,Wiley
Proceedings in Applied Mathematics & Mechanics,1617-7061,Yes,,,Wiley
Proceedings of the London Mathematical Society,1460-244X,Yes,,,Wiley
Process Safety Progress,1547-5913,Yes,,,Wiley
Production and Operations Management,1937-5956,Yes,,,Wiley
Progress in Photovoltaics: Research and Applications,1099-159X,Yes,,,Wiley
"Propellants, Explosives, Pyrotechnics",1521-4087,Yes,,,Wiley
"Proteins: Structure, Function, and Bioinformatics",1097-0134,Yes,,,Wiley
Proteomics,1615-9861,Yes,,,Wiley
PROTEOMICS - Clinical Applications,1862-8354,Yes,,,Wiley
PsyCh Journal,2046-0260,Yes,,,Wiley
Psychogeriatrics,1479-8301,Yes,,,Wiley
Psychology & Marketing,1520-6793,Yes,,,Wiley
"Psychology and Psychotherapy: Theory, Research and Practice",2044-8341,Yes,,,Wiley
Psychology in the Schools,1520-6807,Yes,,,Wiley
Psycho-Oncology,1099-1611,Yes,,,Wiley
Public Administration,1467-9299,Yes,,,Wiley
Public Administration and Development,1099-162X,Yes,,,Wiley
Public Administration Review,1540-6210,Yes,,,Wiley
Public Budgeting & Finance,1540-5850,Yes,,,Wiley
Public Health Nursing,1525-1446,Yes,,,Wiley
Quality and Reliability Engineering International,1099-1638,Yes,,,Wiley
R&D Management,1467-9310,Yes,,,Wiley
Radio Science,1944-799X,Yes,,,Wiley
Random Structures & Algorithms,1098-2418,Yes,,,Wiley
Rapid Communications in Mass Spectrometry,1097-0231,Yes,,,Wiley
Ratio,1467-9329,Yes,,,Wiley
Ratio Juris,1467-9337,Yes,,,Wiley
Reading Research Quarterly,1936-2722,Yes,,,Wiley
Real Estate Economics,1540-6229,Yes,,,Wiley
Regulation & Governance,1748-5991,Yes,,,Wiley
Religion Compass,1749-8171,Yes,,,Wiley
Religious Studies Review,1748-0922,Yes,,,Wiley
Remediation,1520-6831,Yes,,,Wiley
Renaissance Studies,1477-4658,Yes,,,Wiley
Reproduction in Domestic Animals,1439-0531,Yes,,,Wiley
Research in Nursing & Health,1098-240X,Yes,,,Wiley
Research Synthesis Methods,1759-2887,Yes,,,Wiley
Restoration Ecology,1526-100X,Yes,,,Wiley
Review of Development Economics,1467-9361,Yes,,,Wiley
Review of Education,2049-6613,Yes,,,Wiley
"Review of European, Comparative & International Environmental Law",2050-0394,Yes,,,Wiley
Review of Financial Economics,1873-5924,Yes,,,Wiley
Review of Income and Wealth,1475-4991,Yes,,,Wiley
Review of International Economics,1467-9396,Yes,,,Wiley
Review of Policy Research,1541-1338,Yes,,,Wiley
Reviews in Aquaculture,1753-5131,Yes,,,Wiley
Reviews in Medical Virology,1099-1654,Yes,,,Wiley
Reviews in Religion & Theology,1467-9418,Yes,,,Wiley
Reviews of Geophysics,1944-9208,Yes,,,Wiley
Revista Internacional del Trabajo,1564-9148,Yes,,,Wiley
Revue internationale du Travail,1564-9121,Yes,,,Wiley
Risk Analysis,1539-6924,Yes,,,Wiley
Risk Management and Insurance Review,1540-6296,Yes,,,Wiley
"Risk, Hazards & Crisis in Public Policy(Electronic)",1944-4079,Yes,,,Wiley
River Research and Applications,1535-1467,Yes,,,Wiley
Rural Sociology,1549-0831,Yes,,,Wiley
Scandinavian Journal of Caring Sciences,1471-6712,Yes,,,Wiley
Scandinavian Journal of Immunology,1365-3083,Yes,,,Wiley
Scandinavian Journal of Medicine & Science in Sports,1600-0838,Yes,,,Wiley
Scandinavian Journal of Psychology,1467-9450,Yes,,,Wiley
Scandinavian Journal of Statistics,1467-9469,Yes,,,Wiley
Scandinavian Political Studies,1467-9477,Yes,,,Wiley
School Science and Mathematics,1949-8594,Yes,,,Wiley
Science Education,1098-237X,Yes,,,Wiley
Scottish Journal of Political Economy,1467-9485,Yes,,,Wiley
Security and Privacy,2475-6725,Yes,,,Wiley
Sedimentology,1365-3091,Yes,,,Wiley
Seminars in Dialysis,1525-139X,Yes,,,Wiley
Separation Science Plus,2573-1815,Yes,,,Wiley
"Sexuality, Gender & Policy",2639-5355,Yes,,,Wiley
Significance,1740-9713,Yes,,,Wiley
Singapore Journal of Tropical Geography,1467-9493,Yes,,,Wiley
Small,1613-6829,Yes,,,Wiley
Small Methods,2366-9608,Yes,,,Wiley
Small Structures ,2688-4062,Yes,,,Wiley
Social and Personality Psychology Compass,1751-9004,Yes,,,Wiley
Social Development,1467-9507,Yes,,,Wiley
Social Issues and Policy Review,1751-2409,Yes,,,Wiley
Social Policy & Administration,1467-9515,Yes,,,Wiley
Social Science Quarterly,1540-6237,Yes,,,Wiley
Sociologia Ruralis,1467-9523,Yes,,,Wiley
Sociological Forum,1573-7861,Yes,,,Wiley
Sociological Inquiry,1475-682X,Yes,,,Wiley
Sociology Compass,1751-9020,Yes,,,Wiley
Sociology of Health & Illness,1467-9566,Yes,,,Wiley
"Software Testing, Verification & Reliability",1099-1689,Yes,,,Wiley
Software: Practice and Experience,1097-024X,Yes,,,Wiley
Soil Science Society of America Journal ,1435-0661,Yes,,,Wiley
Soil Use and Management,1475-2743,Yes,,,Wiley
Solar RRL,2367-198X,Yes,,,Wiley
Sonography,2054-6750,Yes,,,Wiley
Southern Economic Journal,2325-8012,Yes,,,Wiley
Special Care in Dentistry,1754-4505,Yes,,,Wiley
Starch,1521-379X,Yes,,,Wiley
Stat,2049-1573,Yes,,,Wiley
Statistica Neerlandica,1467-9574,Yes,,,Wiley
Statistical Analysis and Data Mining,1932-1872,Yes,,,Wiley
Statistics in Medicine,1097-0258,Yes,,,Wiley
Steel Construction: Design and Research,1867-0539,Yes,,,Wiley
Steel Research International,1869-344X,Yes,,,Wiley
Strain,1475-1305,Yes,,,Wiley
Strategic Change: Briefings in EntrepreneurialFinance,1099-1697,Yes,,,Wiley
Strategic Entrepreneurship Journal,1932-443X,Yes,,,Wiley
Strategic Management Journal,1097-0266,Yes,,,Wiley
Stress and Health,1532-2998,Yes,,,Wiley
Structural Concrete,1751-7648,Yes,,,Wiley
Structural Control and Health Monitoring,1545-2263,Yes,,,Wiley
Studia Linguistica,1467-9582,Yes,,,Wiley
Studies in Applied Mathematics,1467-9590,Yes,,,Wiley
Studies In Ethnicity and Nationalism,1754-9469,Yes,,,Wiley
Studies in Family Planning,1728-4465,Yes,,,Wiley
Suicide and Life-Threatening Behavior,1943-278X,Yes,,,Wiley
Support for Learning,1467-9604,Yes,,,Wiley
Surface and Interface Analysis,1096-9918,Yes,,,Wiley
Surgical Practice,1744-1633,Yes,,,Wiley
Sustainable Development,1099-1719,Yes,,,Wiley
Swiss Political Science Review,1662-6370,Yes,,,Wiley
Symbolic Interaction,1533-8665,Yes,,,Wiley
Synapse,1098-2396,Yes,,,Wiley
Syntax,1467-9612,Yes,,,Wiley
Systematic Entomology,1365-3113,Yes,,,Wiley
Systems Engineering,1520-6858,Yes,,,Wiley
Systems Research and Behavioral Science,1099-1743,Yes,,,Wiley
Teaching Statistics,1467-9639,Yes,,,Wiley
Teaching Theology & Religion,1467-9647,Yes,,,Wiley
Tectonics,1944-9194,Yes,,,Wiley
Terra Nova,1365-3121,Yes,,,Wiley
TESOL Journal,1949-3533,Yes,,,Wiley
TESOL Quarterly,1545-7249,Yes,,,Wiley
The American Journal of Economics and Sociology,1536-7150,Yes,,,Wiley
The American Journal on Addictions,1521-0391,Yes,,,Wiley
The Anatomical Record,1932-8494,Yes,,,Wiley
The Australian Economic Review,1467-8462,Yes,,,Wiley
The Australian Journal of Agricultural and Resource Economics,1467-8489,Yes,,,Wiley
The Australian Journal of Anthropology,1757-6547,Yes,,,Wiley
The British Journal of Sociology,1468-4446,Yes,,,Wiley
The Canadian Geographer/Le Geographe Canadien,1541-0064,Yes,,,Wiley
The Canadian Journal of Chemical Engineering,1939-019X,Yes,,,Wiley
The Canadian Journal of Statistics/La revue canadienne de statistique,1708-945X,Yes,,,Wiley
The Career Development Quarterly,2161-0045,Yes,,,Wiley
The Chemical Record,1528-0691,Yes,,,Wiley
The Curriculum Journal,1469-3704,Yes,,,Wiley
The Developing Economies,1746-1049,Yes,,,Wiley
The Economic History Review,1468-0289,Yes,,,Wiley
The Ecumenical Review,1758-6623,Yes,,,Wiley
The Electronic Journal of Information Systems in Developing Countries,1681-4835,Yes,,,Wiley
The EMBO Journal,1460-2075,Yes,,,Wiley
The FASEB Journal ,1530-6860,Yes,,,Wiley
The FEBS Journal,1742-4658,Yes,,,Wiley
The Financial Review,1540-6288,Yes,,,Wiley
The Geographical Journal,1475-4959,Yes,,,Wiley
The German Quarterly,1756-1183,Yes,,,Wiley
The Heythrop Journal,1468-2265,Yes,,,Wiley
The Howard Journal of Crime and Justice,2059-1101,Yes,,,Wiley
The International Journal of Health Planning and Management,1099-1751,Yes,,,Wiley
The International Journal of Medical Robotics and Computer Assisted Surgery,1478-596X,Yes,,,Wiley
The Journal of American Culture,1542-734X,Yes,,,Wiley
The Journal of Comparative Neurology,1096-9861,Yes,,,Wiley
The Journal of Creative Behavior,2162-6057,Yes,,,Wiley
The Journal of Dermatology,1346-8138,Yes,,,Wiley
The Journal of Finance,1540-6261,Yes,,,Wiley
The Journal of Financial Research,1475-6803,Yes,,,Wiley
The Journal of Futures Markets,1096-9934,Yes,,,Wiley
The Journal of Gene Medicine,1521-2254,Yes,,,Wiley
The Journal of Humanistic Counseling,2161-1939,Yes,,,Wiley
The Journal of Industrial Economics,1467-6451,Yes,,,Wiley
The Journal of Pathology,1096-9896,Yes,,,Wiley
The Journal of Physiology,1469-7793,Yes,,,Wiley
The Journal of Political Philosophy,1467-9760,Yes,,,Wiley
The Journal of Popular Culture,1540-5931,Yes,,,Wiley
The Journal of Rural Health,1748-0361,Yes,,,Wiley
The Journal of Wildlife Management,1937-2817,Yes,,,Wiley
The Journal of World Intellectual Property,1747-1796,Yes,,,Wiley
The Laryngoscope,1531-4995,Yes,,,Wiley
The Manchester School,1467-9957,Yes,,,Wiley
The Milbank Quarterly,1468-0009,Yes,,,Wiley
The Modern Language Journal,1540-4781,Yes,,,Wiley
The Muslim World,1478-1913,Yes,,,Wiley
The Obstetrician & Gynaecologist,1744-4667,Yes,,,Wiley
The Photogrammetric Record,1477-9730,Yes,,,Wiley
The Political Quarterly,1467-923X,Yes,,,Wiley
The Prostate,1097-0045,Yes,,,Wiley
The RAND Journal of Economics,1756-2171,Yes,,,Wiley
The Reading Teacher,1936-2714,Yes,,,Wiley
The Russian Review,1467-9434,Yes,,,Wiley
The Scandinavian Journal of Economics,1467-9442,Yes,,,Wiley
The South African Journal of Economics,1813-6982,Yes,,,Wiley
The Southern Journal of Philosophy,2041-6962,Yes,,,Wiley
The Structural Design of Tall and Special Buildings,1541-7808,Yes,,,Wiley
The World Economy,1467-9701,Yes,,,Wiley
Theoria,1755-2567,Yes,,,Wiley
Therapeutic Apheresis and Dialysis,1744-9987,Yes,,,Wiley
Thunderbird International Business Review,1520-6874,Yes,,,Wiley
Tijdschrift voor Economische en Sociale Geografie,1467-9663,Yes,,,Wiley
Topics in Cognitive Science,1756-8765,Yes,,,Wiley
Traditional & Kampo Medicine,2053-4515,Yes,,,Wiley
Traffic,1600-0854,Yes,,,Wiley
Transactions in GIS,1467-9671,Yes,,,Wiley
Transactions of the American Fisheries Society,1548-8659,Yes,,,Wiley
Transactions of the Institute of British Geographers,1475-5661,Yes,,,Wiley
Transactions of the Philological Society,1467-968X,Yes,,,Wiley
Transactions on Emerging Telecommunications Technologies,2161-3915,Yes,,,Wiley
Transboundary and Emerging Diseases,1865-1682,Yes,,,Wiley
Transforming Anthropology,1548-7466,Yes,,,Wiley
Transfusion,1537-2995,Yes,,,Wiley
Transfusion Medicine,1365-3148,Yes,,,Wiley
Transplant Infectious Disease,1399-3062,Yes,,,Wiley
Tropical Medicine & International Health,1365-3156,Yes,,,Wiley
Ultrasound in Obstetrics & Gynecology,1469-0705,Yes,,,Wiley
Vakuum in Forschung und Praxis,1522-2454,Yes,,,Wiley
Veterinary and Comparative Oncology,1476-5829,Yes,,,Wiley
Veterinary Clinical Pathology,1939-165X,Yes,,,Wiley
Veterinary Dermatology,1365-3164,Yes,,,Wiley
Veterinary Ophthalmology,1463-5224,Yes,,,Wiley
Veterinary Radiology & Ultrasound,1740-8261,Yes,,,Wiley
Veterinary Record,2042-7670,Yes,,,Wiley
Veterinary Surgery,1532-950X,Yes,,,Wiley
Vietnam Journal of Chemistry,2572-8288,Yes,,,Wiley
Visual Anthropology Review,1548-7458,Yes,,,Wiley
Vox Sanguinis,1423-0410,Yes,,,Wiley
Water and Environment Journal,1747-6593,Yes,,,Wiley
Water Resources Research,1944-7973,Yes,,,Wiley
Weed Biology and Management,1445-6664,Yes,,,Wiley
Weed Research,1365-3180,Yes,,,Wiley
Wildlife Monographs,1938-5455,Yes,,,Wiley
Wildlife Society Bulletin,2328-5540,Yes,,,Wiley
Wiley Interdisciplinary Reviews - Cognitive Science,1939-5086,Yes,,,Wiley
Wiley Interdisciplinary Reviews - Nanomedicine and Nanobiotechnology,1939-0041,Yes,,,Wiley
Wiley Interdisciplinary Reviews: Computational Molecular Science,1759-0884,Yes,,,Wiley
Wiley Interdisciplinary Reviews: Computational Statistics,1939-0068,Yes,,,Wiley
Wiley Interdisciplinary Reviews: Data Mining and Knowledge Discovery,1942-4795,Yes,,,Wiley
Wiley Interdisciplinary Reviews: Energy and Environment,2041-840X,Yes,,,Wiley
Wiley Interdisciplinary Reviews: Forensic Science,2573-9468,Yes,,,Wiley
Wiley Interdisciplinary Reviews: RNA,1757-7012,Yes,,,Wiley
Wiley Interdisciplinary Reviews: Water,2049-1948,Yes,,,Wiley
WIREs Climate Change,1757-7799,Yes,,,Wiley
WIREs Mechanisms of Disease,2692-9368,Yes,,,Wiley
World Englishes,1467-971X,Yes,,,Wiley
World Food Policy,2372-8639,Yes,,,Wiley
World Medical & Health Policy (Electronic),1948-4682,Yes,,,Wiley
World Water Policy,2639-541X,Yes,,,Wiley
Xenotransplantation,1399-3089,Yes,,,Wiley
X-Ray Spectrometry,1097-4539,Yes,,,Wiley
Yeast,1097-0061,Yes,,,Wiley
ZAMM - Journal of Applied Mathematics and Mechanics,1521-4001,Yes,,,Wiley
Zeitschrift für anorganische und allgemeine Chemie,1521-3749,Yes,,,Wiley
Zoo Biology,1098-2361,Yes,,,Wiley
Zoologica Scripta,1463-6409,Yes,,,Wiley
Zoonoses and Public Health,1863-2378,Yes,,,Wiley
Zygon Journal of Religion and Science,1467-9744,Yes,,,Wiley
